사용월,호선명,역ID,지하철역,승차승객수,하차승객수,작업일시
2024-01,1호선,0150,서울역,"1,592,934","1,515,709",2024-02-03 10:48:39
2024-01,1호선,0151,시청,"754,689","756,316",2024-02-03 10:48:39
2024-01,1호선,0152,종각,"1,161,603","1,125,960",2024-02-03 10:48:39
2024-01,1호선,0153,종로3가,"768,822","713,859",2024-02-03 10:48:39
2024-01,1호선,0154,종로5가,"707,714","691,405",2024-02-03 10:48:39
2024-01,1호선,0155,동대문,"336,171","325,817",2024-02-03 10:48:39
2024-01,1호선,0156,신설동,"399,186","388,215",2024-02-03 10:48:39
2024-01,1호선,0157,제기동,"514,231","524,981",2024-02-03 10:48:39
2024-01,1호선,0158,청량리(서울시립대입구),"657,449","648,883",2024-02-03 10:48:39
2024-01,1호선,0159,동묘앞,"286,127","293,855",2024-02-03 10:48:39
2024-01,2호선,0201,시청,"750,098","711,143",2024-02-03 10:48:39
2024-01,2호선,0202,을지로입구,"1,389,692","1,424,734",2024-02-03 10:48:39
2024-01,2호선,0203,을지로3가,"722,085","715,104",2024-02-03 10:48:39
2024-01,2호선,0204,을지로4가,"389,847","394,385",2024-02-03 10:48:39
2024-01,2호선,0205,동대문역사문화공원(DDP),"396,373","448,457",2024-02-03 10:48:39
2024-01,2호선,0206,신당,"429,619","456,600",2024-02-03 10:48:39
2024-01,2호선,0207,상왕십리,"414,763","406,490",2024-02-03 10:48:39
2024-01,2호선,0208,왕십리(성동구청),"445,669","405,546",2024-02-03 10:48:39
2024-01,2호선,0209,한양대,"231,690","247,004",2024-02-03 10:48:39
2024-01,2호선,0210,뚝섬,"697,833","734,836",2024-02-03 10:48:39
2024-01,2호선,0211,성수,"1,196,207","1,293,838",2024-02-03 10:48:39
2024-01,2호선,0212,건대입구,"1,095,116","1,154,938",2024-02-03 10:48:39
2024-01,2호선,0213,구의(광진구청),"718,842","703,642",2024-02-03 10:48:39
2024-01,2호선,0214,강변(동서울터미널),"921,268","861,016",2024-02-03 10:48:39
2024-01,2호선,0215,잠실나루,"435,996","425,536",2024-02-03 10:48:39
2024-01,2호선,0216,잠실(송파구청),"2,298,863","2,260,606",2024-02-03 10:48:39
2024-01,2호선,0217,잠실새내,"683,048","680,304",2024-02-03 10:48:39
2024-01,2호선,0218,종합운동장,"237,594","256,191",2024-02-03 10:48:39
2024-01,2호선,0219,삼성(무역센터),"1,553,619","1,549,483",2024-02-03 10:48:39
2024-01,2호선,0220,선릉,"1,610,946","1,411,541",2024-02-03 10:48:39
2024-01,2호선,0221,역삼,"1,452,383","1,634,363",2024-02-03 10:48:39
2024-01,2호선,0222,강남,"2,423,144","2,335,555",2024-02-03 10:48:39
2024-01,2호선,0223,교대(법원.검찰청),"874,360","1,046,990",2024-02-03 10:48:39
2024-01,2호선,0224,서초,"627,724","605,634",2024-02-03 10:48:39
2024-01,2호선,0225,방배,"440,587","452,487",2024-02-03 10:48:39
2024-01,2호선,0226,사당,"1,185,846","1,272,028",2024-02-03 10:48:39
2024-01,2호선,0227,낙성대(강감찬),"793,358","772,874",2024-02-03 10:48:39
2024-01,2호선,0228,서울대입구(관악구청),"1,333,932","1,313,626",2024-02-03 10:48:39
2024-01,2호선,0229,봉천,"699,646","661,035",2024-02-03 10:48:39
2024-01,2호선,0230,신림,"1,594,615","1,537,190",2024-02-03 10:48:39
2024-01,2호선,0231,신대방,"736,910","715,962",2024-02-03 10:48:39
2024-01,2호선,0232,구로디지털단지,"1,664,531","1,646,489",2024-02-03 10:48:39
2024-01,2호선,0233,대림(구로구청),"707,784","723,465",2024-02-03 10:48:39
2024-01,2호선,0234,신도림,"1,464,384","1,435,803",2024-02-03 10:48:39
2024-01,2호선,0235,문래,"659,576","676,772",2024-02-03 10:48:39
2024-01,2호선,0236,영등포구청,"644,910","659,060",2024-02-03 10:48:39
2024-01,2호선,0237,당산,"505,476","581,247",2024-02-03 10:48:39
2024-01,2호선,0238,합정,"972,135","1,049,946",2024-02-03 10:48:39
2024-01,2호선,0239,홍대입구,"2,090,283","2,224,268",2024-02-03 10:48:39
2024-01,2호선,0240,신촌,"1,091,294","1,114,486",2024-02-03 10:48:39
2024-01,2호선,0241,이대,"415,540","450,768",2024-02-03 10:48:39
2024-01,2호선,0242,아현,"303,217","284,730",2024-02-03 10:48:39
2024-01,2호선,0243,충정로(경기대입구),"292,324","307,320",2024-02-03 10:48:39
2024-01,2호선,0244,용답,"81,502","80,645",2024-02-03 10:48:39
2024-01,2호선,0245,신답,"46,155","52,266",2024-02-03 10:48:39
2024-01,2호선,0246,신설동,"110,617","109,465",2024-02-03 10:48:39
2024-01,2호선,0247,도림천,"36,354","38,835",2024-02-03 10:48:39
2024-01,2호선,0248,양천구청,"195,474","206,147",2024-02-03 10:48:39
2024-01,2호선,0249,신정네거리,"298,502","309,565",2024-02-03 10:48:39
2024-01,2호선,0250,용두(동대문구청),"72,582","73,598",2024-02-03 10:48:39
2024-01,3호선,0309,지축,"203,295","200,395",2024-02-03 10:48:39
2024-01,3호선,0310,구파발,"619,983","601,571",2024-02-03 10:48:39
2024-01,3호선,0311,연신내,"995,840","958,044",2024-02-03 10:48:39
2024-01,3호선,0312,불광,"472,992","506,265",2024-02-03 10:48:39
2024-01,3호선,0313,녹번,"445,909","407,131",2024-02-03 10:48:39
2024-01,3호선,0314,홍제,"518,372","494,486",2024-02-03 10:48:39
2024-01,3호선,0315,무악재,"126,868","125,236",2024-02-03 10:48:39
2024-01,3호선,0316,독립문,"211,505","216,513",2024-02-03 10:48:39
2024-01,3호선,0317,경복궁(정부서울청사),"668,722","675,540",2024-02-03 10:48:39
2024-01,3호선,0318,안국,"710,148","733,840",2024-02-03 10:48:39
2024-01,3호선,0319,종로3가,"309,734","357,120",2024-02-03 10:48:39
2024-01,3호선,0320,을지로3가,"341,775","346,496",2024-02-03 10:48:39
2024-01,3호선,0321,충무로,55,0,2024-02-03 10:48:39
2024-01,3호선,0322,동대입구,"273,748","297,861",2024-02-03 10:48:39
2024-01,3호선,0323,약수,"373,038","362,305",2024-02-03 10:48:39
2024-01,3호선,0324,금호,"234,426","219,674",2024-02-03 10:48:39
2024-01,3호선,0325,옥수,"254,427","263,928",2024-02-03 10:48:39
2024-01,3호선,0326,압구정,"931,737","999,948",2024-02-03 10:48:39
2024-01,3호선,0327,신사,"835,348","865,672",2024-02-03 10:48:39
2024-01,3호선,0328,잠원,"141,816","135,706",2024-02-03 10:48:39
2024-01,3호선,0329,고속터미널,"1,424,184","1,339,840",2024-02-03 10:48:39
2024-01,3호선,0330,교대(법원.검찰청),"475,819","282,060",2024-02-03 10:48:39
2024-01,3호선,0331,남부터미널(예술의전당),"878,207","883,835",2024-02-03 10:48:39
2024-01,3호선,0332,양재(서초구청),"1,069,111","1,152,832",2024-02-03 10:48:39
2024-01,3호선,0333,매봉,"358,292","345,934",2024-02-03 10:48:39
2024-01,3호선,0334,도곡,"145,579","153,036",2024-02-03 10:48:39
2024-01,3호선,0335,대치,"382,224","367,925",2024-02-03 10:48:39
2024-01,3호선,0336,학여울,"63,331","64,233",2024-02-03 10:48:39
2024-01,3호선,0337,대청,"302,063","287,561",2024-02-03 10:48:39
2024-01,3호선,0338,일원,"316,139","307,881",2024-02-03 10:48:39
2024-01,3호선,0339,수서,"548,168","554,296",2024-02-03 10:48:39
2024-01,3호선,0340,가락시장,"267,191","262,115",2024-02-03 10:48:39
2024-01,3호선,0341,경찰병원,"218,182","219,208",2024-02-03 10:48:39
2024-01,3호선,0342,오금,"191,267","173,889",2024-02-03 10:48:39
2024-01,4호선,0409,당고개,"276,115","240,187",2024-02-03 10:48:39
2024-01,4호선,0410,상계,"556,858","514,779",2024-02-03 10:48:39
2024-01,4호선,0411,노원,"849,572","943,260",2024-02-03 10:48:39
2024-01,4호선,0412,창동,"774,699","809,856",2024-02-03 10:48:39
2024-01,4호선,0413,쌍문,"841,301","783,483",2024-02-03 10:48:39
2024-01,4호선,0414,수유(강북구청),"977,094","985,049",2024-02-03 10:48:39
2024-01,4호선,0415,미아(서울사이버대학),"433,428","420,750",2024-02-03 10:48:39
2024-01,4호선,0416,미아사거리,"775,743","767,432",2024-02-03 10:48:39
2024-01,4호선,0417,길음,"602,671","591,605",2024-02-03 10:48:39
2024-01,4호선,0418,성신여대입구(돈암),"592,599","578,231",2024-02-03 10:48:39
2024-01,4호선,0419,한성대입구(삼선교),"371,263","363,099",2024-02-03 10:48:39
2024-01,4호선,0420,혜화,"1,080,192","1,089,343",2024-02-03 10:48:39
2024-01,4호선,0421,동대문,"549,721","569,565",2024-02-03 10:48:39
2024-01,4호선,0422,동대문역사문화공원(DDP),"519,153","457,157",2024-02-03 10:48:39
2024-01,4호선,0423,충무로,"808,809","835,586",2024-02-03 10:48:39
2024-01,4호선,0424,명동,"862,082","915,185",2024-02-03 10:48:39
2024-01,4호선,0425,회현(남대문시장),"750,104","777,353",2024-02-03 10:48:39
2024-01,4호선,0426,서울역,"354,284","604,490",2024-02-03 10:48:39
2024-01,4호선,0427,숙대입구(갈월),"395,347","387,580",2024-02-03 10:48:39
2024-01,4호선,0428,삼각지,"189,017","216,842",2024-02-03 10:48:39
2024-01,4호선,0429,신용산,"562,706","591,836",2024-02-03 10:48:39
2024-01,4호선,0430,이촌(국립중앙박물관),"258,871","280,271",2024-02-03 10:48:39
2024-01,4호선,0431,동작(현충원),"35,253","39,642",2024-02-03 10:48:39
2024-01,4호선,0432,총신대입구(이수),"560,062","609,113",2024-02-03 10:48:39
2024-01,4호선,0433,사당,"770,524","690,329",2024-02-03 10:48:39
2024-01,4호선,0434,남태령,"38,026","32,283",2024-02-03 10:48:39
2024-01,경부선,1001,서울역,"308,649","91,239",2024-02-03 10:48:39
2024-01,경부선,1002,남영,"272,045","283,355",2024-02-03 10:48:39
2024-01,경부선,1003,용산,"1,237,555","1,232,256",2024-02-03 10:48:39
2024-01,경부선,1004,노량진,"257,751","264,274",2024-02-03 10:48:39
2024-01,경부선,1005,대방,"297,088","326,300",2024-02-03 10:48:39
2024-01,경부선,1006,영등포,"1,254,060","1,279,586",2024-02-03 10:48:39
2024-01,경부선,1007,신도림,"109,015","113,633",2024-02-03 10:48:39
2024-01,경부선,1032,신길,"251,102","212,548",2024-02-03 10:48:39
2024-01,경부선,1701,구로,"509,923","519,342",2024-02-03 10:48:39
2024-01,경부선,1702,가산디지털단지,"472,347","541,263",2024-02-03 10:48:39
2024-01,경부선,1703,금천구청,"320,490","323,281",2024-02-03 10:48:39
2024-01,경부선,1704,석수,"255,970","234,359",2024-02-03 10:48:39
2024-01,경부선,1705,관악,"214,513","205,614",2024-02-03 10:48:39
2024-01,경부선,1706,안양,"612,645","613,336",2024-02-03 10:48:39
2024-01,경부선,1707,명학,"242,849","237,461",2024-02-03 10:48:39
2024-01,경부선,1708,금정,"808,020","819,026",2024-02-03 10:48:39
2024-01,경부선,1709,군포,"203,862","200,222",2024-02-03 10:48:39
2024-01,경부선,1710,의왕,"259,346","255,878",2024-02-03 10:48:39
2024-01,경부선,1711,성균관대,"425,470","423,395",2024-02-03 10:48:39
2024-01,경부선,1712,화서,"335,108","327,528",2024-02-03 10:48:39
2024-01,경부선,1713,수원,"1,123,834","1,176,520",2024-02-03 10:48:39
2024-01,경부선,1714,독산,"496,628","511,586",2024-02-03 10:48:39
2024-01,경부선,1715,세류,"98,002","90,384",2024-02-03 10:48:39
2024-01,경부선,1716,병점,"427,080","425,705",2024-02-03 10:48:39
2024-01,경부선,1717,세마,"91,694","86,340",2024-02-03 10:48:39
2024-01,경부선,1718,오산대,"102,386","96,409",2024-02-03 10:48:39
2024-01,경부선,1719,오산,"297,522","299,370",2024-02-03 10:48:39
2024-01,경부선,1720,진위,"47,894","43,102",2024-02-03 10:48:39
2024-01,경부선,1721,송탄,"131,646","132,849",2024-02-03 10:48:39
2024-01,경부선,1722,서정리,"248,528","234,699",2024-02-03 10:48:39
2024-01,경부선,1723,평택지제,"136,244","129,593",2024-02-03 10:48:39
2024-01,경부선,1724,평택,"382,555","379,290",2024-02-03 10:48:39
2024-01,경부선,1725,성환,"109,247","108,461",2024-02-03 10:48:39
2024-01,경부선,1726,직산,"27,006","26,532",2024-02-03 10:48:39
2024-01,경부선,1727,두정,"194,984","197,317",2024-02-03 10:48:39
2024-01,경부선,1728,천안,"186,129","189,231",2024-02-03 10:48:39
2024-01,경부선,1729,당정,"170,571","162,469",2024-02-03 10:48:39
2024-01,경부선,1749,서동탄,"43,082","38,426",2024-02-03 10:48:39
2024-01,경부선,1750,광명,"117,122","97,526",2024-02-03 10:48:39
2024-01,경인선,1801,개봉,"620,240","615,272",2024-02-03 10:48:39
2024-01,경인선,1802,오류동,"329,406","312,015",2024-02-03 10:48:39
2024-01,경인선,1803,역곡,"741,779","743,769",2024-02-03 10:48:39
2024-01,경인선,1804,부천,"928,222","931,477",2024-02-03 10:48:39
2024-01,경인선,1805,송내,"752,072","734,589",2024-02-03 10:48:39
2024-01,경인선,1806,부평,"865,718","911,143",2024-02-03 10:48:39
2024-01,경인선,1807,백운,"210,626","204,031",2024-02-03 10:48:39
2024-01,경인선,1808,동암,"453,384","453,667",2024-02-03 10:48:39
2024-01,경인선,1809,주안,"536,933","482,992",2024-02-03 10:48:39
2024-01,경인선,1810,제물포,"287,741","274,911",2024-02-03 10:48:39
2024-01,경인선,1811,동인천,"406,473","385,239",2024-02-03 10:48:39
2024-01,경인선,1812,인천,"101,624","79,268",2024-02-03 10:48:39
2024-01,경인선,1813,구일,"171,118","171,035",2024-02-03 10:48:39
2024-01,경인선,1814,소사,"221,013","211,210",2024-02-03 10:48:39
2024-01,경인선,1815,부개,"248,240","231,482",2024-02-03 10:48:39
2024-01,경인선,1816,간석,"167,051","159,268",2024-02-03 10:48:39
2024-01,경인선,1817,도원,"80,244","81,074",2024-02-03 10:48:39
2024-01,경인선,1821,온수(성공회대입구),"170,992","163,246",2024-02-03 10:48:39
2024-01,경인선,1822,중동,"263,031","247,756",2024-02-03 10:48:39
2024-01,경인선,1823,도화,"118,854","111,242",2024-02-03 10:48:39
2024-01,경원선,1008,이촌(국립중앙박물관),"112,713","88,436",2024-02-03 10:48:39
2024-01,경원선,1009,서빙고,"63,060","60,589",2024-02-03 10:48:39
2024-01,경원선,1010,한남,"115,648","110,363",2024-02-03 10:48:39
2024-01,경원선,1011,옥수,"1,710","1,185",2024-02-03 10:48:39
2024-01,경원선,1012,응봉,"54,470","47,625",2024-02-03 10:48:39
2024-01,경원선,1013,왕십리(성동구청),"472,677","488,488",2024-02-03 10:48:39
2024-01,경원선,1014,청량리(서울시립대입구),"529,820","536,009",2024-02-03 10:48:39
2024-01,경원선,1016,외대앞,"247,751","242,948",2024-02-03 10:48:39
2024-01,경원선,1017,신이문,"244,542","227,034",2024-02-03 10:48:39
2024-01,경원선,1018,석계,"214,927","244,887",2024-02-03 10:48:39
2024-01,경원선,1019,광운대,"223,688","212,607",2024-02-03 10:48:39
2024-01,경원선,1020,월계,"180,004","168,540",2024-02-03 10:48:39
2024-01,경원선,1021,녹천,"125,777","106,269",2024-02-03 10:48:39
2024-01,경원선,1022,창동,19,0,2024-02-03 10:48:39
2024-01,경원선,1901,방학,"286,810","279,839",2024-02-03 10:48:39
2024-01,경원선,1902,도봉,"170,537","163,790",2024-02-03 10:48:39
2024-01,경원선,1903,도봉산,"223,809","143,170",2024-02-03 10:48:39
2024-01,경원선,1904,망월사,"208,699","213,377",2024-02-03 10:48:39
2024-01,경원선,1905,회룡,"375,683","367,378",2024-02-03 10:48:39
2024-01,경원선,1906,의정부,"553,316","564,990",2024-02-03 10:48:39
2024-01,경원선,1907,가능,"184,509","177,688",2024-02-03 10:48:39
2024-01,경원선,1908,녹양,"125,338","118,591",2024-02-03 10:48:39
2024-01,경원선,1909,양주,"207,106","199,087",2024-02-03 10:48:39
2024-01,경원선,1910,덕계,"144,581","130,574",2024-02-03 10:48:39
2024-01,경원선,1911,덕정,"160,763","153,633",2024-02-03 10:48:39
2024-01,경원선,1912,지행,"189,145","187,914",2024-02-03 10:48:39
2024-01,경원선,1913,동두천중앙,"86,690","84,900",2024-02-03 10:48:39
2024-01,경원선,1914,보산,"43,420","41,619",2024-02-03 10:48:39
2024-01,경원선,1915,동두천,"48,556","48,728",2024-02-03 10:48:39
2024-01,경원선,1916,소요산,"50,460","48,926",2024-02-03 10:48:39
2024-01,경원선,1917,청산,"3,647","3,405",2024-02-03 10:48:39
2024-01,경원선,1918,전곡,"36,115","33,241",2024-02-03 10:48:39
2024-01,경원선,1919,연천,"42,346","41,807",2024-02-03 10:48:39
2024-01,안산선,1751,산본,"479,657","509,726",2024-02-03 10:48:39
2024-01,안산선,1752,대야미,"142,974","126,434",2024-02-03 10:48:39
2024-01,안산선,1753,반월,"122,520","117,582",2024-02-03 10:48:39
2024-01,안산선,1754,상록수,"427,903","433,596",2024-02-03 10:48:39
2024-01,안산선,1755,한대앞,"255,374","256,466",2024-02-03 10:48:39
2024-01,안산선,1756,중앙,"542,597","567,145",2024-02-03 10:48:39
2024-01,안산선,1757,고잔,"255,818","244,247",2024-02-03 10:48:39
2024-01,안산선,1758,초지,"146,140","144,339",2024-02-03 10:48:39
2024-01,안산선,1759,안산,"356,710","330,497",2024-02-03 10:48:39
2024-01,안산선,1760,신길온천,"56,312","51,164",2024-02-03 10:48:39
2024-01,안산선,1761,정왕,"248,778","255,908",2024-02-03 10:48:39
2024-01,안산선,1762,오이도,"227,390","224,096",2024-02-03 10:48:39
2024-01,안산선,1763,수리산,"114,151","95,141",2024-02-03 10:48:39
2024-01,과천선,1450,선바위,"227,486","198,355",2024-02-03 10:48:39
2024-01,과천선,1451,경마공원,"163,345","164,084",2024-02-03 10:48:39
2024-01,과천선,1452,대공원,"83,693","86,771",2024-02-03 10:48:39
2024-01,과천선,1453,과천,"190,871","176,908",2024-02-03 10:48:39
2024-01,과천선,1454,정부과천청사,"329,072","342,166",2024-02-03 10:48:39
2024-01,과천선,1455,인덕원,"719,766","741,134",2024-02-03 10:48:39
2024-01,과천선,1456,평촌,"504,036","489,574",2024-02-03 10:48:39
2024-01,과천선,1457,범계,"793,076","791,479",2024-02-03 10:48:39
2024-01,분당선,1023,선릉,"375,765","575,090",2024-02-03 10:48:39
2024-01,분당선,1024,한티,"492,981","508,039",2024-02-03 10:48:39
2024-01,분당선,1025,도곡,"221,339","211,116",2024-02-03 10:48:39
2024-01,분당선,1026,구룡,"86,313","85,818",2024-02-03 10:48:39
2024-01,분당선,1027,개포동,"136,933","140,709",2024-02-03 10:48:39
2024-01,분당선,1028,대모산입구,"172,485","163,320",2024-02-03 10:48:39
2024-01,분당선,1030,수서,"435,477","446,899",2024-02-03 10:48:39
2024-01,분당선,1031,복정,32,0,2024-02-03 10:48:39
2024-01,분당선,1846,수원,"241,420","217,132",2024-02-03 10:48:39
2024-01,분당선,1847,서울숲,"347,313","357,381",2024-02-03 10:48:39
2024-01,분당선,1848,압구정로데오,"580,278","638,986",2024-02-03 10:48:39
2024-01,분당선,1849,강남구청,"276,479","317,569",2024-02-03 10:48:39
2024-01,분당선,1850,선정릉,"217,004","225,780",2024-02-03 10:48:39
2024-01,분당선,1851,가천대,"204,865","219,751",2024-02-03 10:48:39
2024-01,분당선,1852,태평,"391,545","373,492",2024-02-03 10:48:39
2024-01,분당선,1853,모란,"602,107","614,982",2024-02-03 10:48:39
2024-01,분당선,1854,야탑,"746,397","783,818",2024-02-03 10:48:39
2024-01,분당선,1855,서현,"741,580","752,532",2024-02-03 10:48:39
2024-01,분당선,1856,수내,"414,070","413,685",2024-02-03 10:48:39
2024-01,분당선,1857,정자,"532,521","555,470",2024-02-03 10:48:39
2024-01,분당선,1858,미금,"446,229","468,176",2024-02-03 10:48:39
2024-01,분당선,1859,오리,"337,065","284,781",2024-02-03 10:48:39
2024-01,분당선,1860,이매,"165,546","162,255",2024-02-03 10:48:39
2024-01,분당선,1861,보정,"75,861","67,628",2024-02-03 10:48:39
2024-01,분당선,1862,죽전,"378,597","420,114",2024-02-03 10:48:39
2024-01,분당선,1863,구성,"141,799","149,219",2024-02-03 10:48:39
2024-01,분당선,1864,신갈,"136,765","134,822",2024-02-03 10:48:39
2024-01,분당선,1865,기흥,"292,849","269,702",2024-02-03 10:48:39
2024-01,분당선,1866,상갈,"156,562","150,193",2024-02-03 10:48:39
2024-01,분당선,1867,청명,"131,122","126,396",2024-02-03 10:48:39
2024-01,분당선,1868,영통,"259,564","259,989",2024-02-03 10:48:39
2024-01,분당선,1869,망포,"446,225","427,793",2024-02-03 10:48:39
2024-01,분당선,1870,매탄권선,"152,532","147,664",2024-02-03 10:48:39
2024-01,분당선,1871,수원시청,"406,601","442,645",2024-02-03 10:48:39
2024-01,분당선,1872,매교,"142,266","142,067",2024-02-03 10:48:39
2024-01,일산선,1948,원흥,"330,463","313,949",2024-02-03 10:48:39
2024-01,일산선,1949,지축,21,0,2024-02-03 10:48:39
2024-01,일산선,1950,삼송,"558,132","537,033",2024-02-03 10:48:39
2024-01,일산선,1951,원당,"317,509","301,137",2024-02-03 10:48:39
2024-01,일산선,1952,화정,"502,835","519,236",2024-02-03 10:48:39
2024-01,일산선,1953,대곡,"75,948","57,447",2024-02-03 10:48:39
2024-01,일산선,1954,백석,"292,591","294,771",2024-02-03 10:48:39
2024-01,일산선,1955,마두,"225,480","230,252",2024-02-03 10:48:39
2024-01,일산선,1956,정발산,"215,644","218,681",2024-02-03 10:48:39
2024-01,일산선,1957,주엽,"279,073","281,065",2024-02-03 10:48:39
2024-01,일산선,1958,대화,"374,728","301,620",2024-02-03 10:48:39
2024-01,중앙선,1015,회기,"703,753","679,146",2024-02-03 10:48:39
2024-01,중앙선,1201,중랑,"158,767","154,581",2024-02-03 10:48:39
2024-01,중앙선,1202,상봉,"167,421","165,288",2024-02-03 10:48:39
2024-01,중앙선,1203,망우,"219,440","212,977",2024-02-03 10:48:39
2024-01,중앙선,1204,양원,"82,624","80,113",2024-02-03 10:48:39
2024-01,중앙선,1205,구리,"379,230","385,383",2024-02-03 10:48:39
2024-01,중앙선,1206,도농,"309,397","292,207",2024-02-03 10:48:39
2024-01,중앙선,1207,양정,"14,850","12,346",2024-02-03 10:48:39
2024-01,중앙선,1208,덕소,"155,750","150,985",2024-02-03 10:48:39
2024-01,중앙선,1209,도심,"65,639","52,470",2024-02-03 10:48:39
2024-01,중앙선,1210,팔당,"24,234","25,328",2024-02-03 10:48:39
2024-01,중앙선,1211,운길산,"17,313","16,672",2024-02-03 10:48:39
2024-01,중앙선,1212,양수,"50,504","49,782",2024-02-03 10:48:39
2024-01,중앙선,1213,신원,"5,032","4,303",2024-02-03 10:48:39
2024-01,중앙선,1214,국수,"19,086","19,091",2024-02-03 10:48:39
2024-01,중앙선,1215,아신,"16,526","16,311",2024-02-03 10:48:39
2024-01,중앙선,1216,오빈,"8,336","8,120",2024-02-03 10:48:39
2024-01,중앙선,1217,양평,"91,468","91,654",2024-02-03 10:48:39
2024-01,중앙선,1218,원덕,"9,376","8,840",2024-02-03 10:48:39
2024-01,중앙선,1219,용문,"58,583","58,700",2024-02-03 10:48:39
2024-01,중앙선,1220,지평,"1,459","1,551",2024-02-03 10:48:39
2024-01,장항선,1401,봉명,"40,156","39,776",2024-02-03 10:48:39
2024-01,장항선,1402,쌍용(나사렛대),"66,010","62,608",2024-02-03 10:48:39
2024-01,장항선,1403,아산,"113,880","100,858",2024-02-03 10:48:39
2024-01,장항선,1404,탕정,"44,354","41,072",2024-02-03 10:48:39
2024-01,장항선,1405,배방,"36,056","35,219",2024-02-03 10:48:39
2024-01,장항선,1407,온양온천,"147,193","148,483",2024-02-03 10:48:39
2024-01,장항선,1408,신창(순천향대),"31,677","31,051",2024-02-03 10:48:39
2024-01,경의선,1252,신촌,"24,424","31,999",2024-02-03 10:48:39
2024-01,경의선,1261,효창공원앞,"87,535","99,776",2024-02-03 10:48:39
2024-01,경의선,1263,서강대,"63,012","61,617",2024-02-03 10:48:39
2024-01,경의선,1265,가좌,"169,965","164,077",2024-02-03 10:48:39
2024-01,경의선,1267,수색,"95,826","98,470",2024-02-03 10:48:39
2024-01,경의선,1268,한국항공대,"50,694","46,739",2024-02-03 10:48:39
2024-01,경의선,1269,강매,"93,403","80,048",2024-02-03 10:48:39
2024-01,경의선,1270,행신,"233,361","234,363",2024-02-03 10:48:39
2024-01,경의선,1271,능곡,"137,017","128,280",2024-02-03 10:48:39
2024-01,경의선,1272,곡산,"17,600","18,187",2024-02-03 10:48:39
2024-01,경의선,1273,백마,"212,653","205,279",2024-02-03 10:48:39
2024-01,경의선,1274,풍산,"178,409","168,759",2024-02-03 10:48:39
2024-01,경의선,1275,일산,"301,651","295,899",2024-02-03 10:48:39
2024-01,경의선,1276,탄현,"227,950","217,186",2024-02-03 10:48:39
2024-01,경의선,1277,야당,"253,041","257,911",2024-02-03 10:48:39
2024-01,경의선,1278,운정,"211,460","194,679",2024-02-03 10:48:39
2024-01,경의선,1279,금릉,"155,029","148,005",2024-02-03 10:48:39
2024-01,경의선,1280,금촌,"191,091","187,593",2024-02-03 10:48:39
2024-01,경의선,1282,월롱,"57,848","51,393",2024-02-03 10:48:39
2024-01,경의선,1283,파주,"31,828","24,422",2024-02-03 10:48:39
2024-01,경의선,1284,문산,"155,981","153,206",2024-02-03 10:48:39
2024-01,경의선,1285,임진강,477,477,2024-02-03 10:48:39
2024-01,경의선,1286,운천,189,118,2024-02-03 10:48:39
2024-01,경의선,1291,서울역,"124,514","151,334",2024-02-03 10:48:39
2024-01,경의선,1292,공덕,"122,616","97,805",2024-02-03 10:48:39
2024-01,경의선,1293,홍대입구,"61,428","79,838",2024-02-03 10:48:39
2024-01,경의선,1294,디지털미디어시티,"78,972","72,304",2024-02-03 10:48:39
2024-01,경의선,1296,계양,5,0,2024-02-03 10:48:39
2024-01,경의선,1297,검암,1,0,2024-02-03 10:48:39
2024-01,경춘선,1311,신내,"65,533","60,747",2024-02-03 10:48:39
2024-01,경춘선,1312,갈매,"84,467","73,081",2024-02-03 10:48:39
2024-01,경춘선,1313,별내,"91,914","87,489",2024-02-03 10:48:39
2024-01,경춘선,1314,퇴계원,"100,833","93,395",2024-02-03 10:48:39
2024-01,경춘선,1315,사릉,"58,915","57,298",2024-02-03 10:48:39
2024-01,경춘선,1316,금곡,"40,185","38,795",2024-02-03 10:48:39
2024-01,경춘선,1317,평내호평,"169,536","165,786",2024-02-03 10:48:39
2024-01,경춘선,1318,천마산,"43,109","40,026",2024-02-03 10:48:39
2024-01,경춘선,1319,마석,"105,359","102,744",2024-02-03 10:48:39
2024-01,경춘선,1320,대성리,"18,754","17,199",2024-02-03 10:48:39
2024-01,경춘선,1321,청평,"50,769","48,695",2024-02-03 10:48:39
2024-01,경춘선,1322,상천,"7,018","6,371",2024-02-03 10:48:39
2024-01,경춘선,1323,가평,"52,434","51,417",2024-02-03 10:48:39
2024-01,경춘선,1324,굴봉산,"3,605","4,421",2024-02-03 10:48:39
2024-01,경춘선,1325,백양리,"12,222","9,788",2024-02-03 10:48:39
2024-01,경춘선,1326,강촌,"11,132","10,673",2024-02-03 10:48:39
2024-01,경춘선,1327,김유정,"9,946","9,980",2024-02-03 10:48:39
2024-01,경춘선,1328,남춘천,"77,601","79,230",2024-02-03 10:48:39
2024-01,경춘선,1329,춘천,"38,798","33,948",2024-02-03 10:48:39
2024-01,수인선,1873,고색,"148,940","138,559",2024-02-03 10:48:39
2024-01,수인선,1874,오목천,"107,111","95,331",2024-02-03 10:48:39
2024-01,수인선,1875,어천,"35,767","34,810",2024-02-03 10:48:39
2024-01,수인선,1876,야목,"10,830","8,917",2024-02-03 10:48:39
2024-01,수인선,1877,사리,"143,576","122,188",2024-02-03 10:48:39
2024-01,수인선,1878,달월,"3,020","1,881",2024-02-03 10:48:39
2024-01,수인선,1879,월곶,"82,424","74,720",2024-02-03 10:48:39
2024-01,수인선,1880,소래포구,"139,280","130,919",2024-02-03 10:48:39
2024-01,수인선,1881,인천논현,"154,245","163,481",2024-02-03 10:48:39
2024-01,수인선,1882,호구포,"109,900","113,106",2024-02-03 10:48:39
2024-01,수인선,1883,남동인더스파크,"59,398","66,268",2024-02-03 10:48:39
2024-01,수인선,1884,원인재,"127,979","130,577",2024-02-03 10:48:39
2024-01,수인선,1885,연수,"138,727","138,343",2024-02-03 10:48:39
2024-01,수인선,1886,송도,"71,034","64,393",2024-02-03 10:48:39
2024-01,수인선,1888,인하대,"172,590","161,845",2024-02-03 10:48:39
2024-01,수인선,1889,숭의,"115,685","107,465",2024-02-03 10:48:39
2024-01,수인선,1890,신포,"50,138","51,235",2024-02-03 10:48:39
2024-01,수인선,1891,인천,"30,482","48,692",2024-02-03 10:48:39
2024-01,경강선,1501,판교,"178,638","174,943",2024-02-03 10:48:39
2024-01,경강선,1502,이매,"34,128","29,252",2024-02-03 10:48:39
2024-01,경강선,1503,삼동,"71,700","66,848",2024-02-03 10:48:39
2024-01,경강선,1504,경기광주,"231,024","216,943",2024-02-03 10:48:39
2024-01,경강선,1505,초월,"99,912","93,878",2024-02-03 10:48:39
2024-01,경강선,1506,곤지암,"71,662","68,183",2024-02-03 10:48:39
2024-01,경강선,1507,신둔도예촌,"42,844","39,765",2024-02-03 10:48:39
2024-01,경강선,1508,이천,"85,333","89,224",2024-02-03 10:48:39
2024-01,경강선,1509,부발,"65,507","63,308",2024-02-03 10:48:39
2024-01,경강선,1510,세종대왕릉,"9,976","9,687",2024-02-03 10:48:39
2024-01,경강선,1511,여주,"78,178","76,007",2024-02-03 10:48:39
2024-01,서해선,1980,김포공항,"95,938","116,013",2024-02-03 10:48:39
2024-01,서해선,1981,원종,"130,901","133,380",2024-02-03 10:48:39
2024-01,서해선,1982,부천종합운동장,"69,376","56,044",2024-02-03 10:48:39
2024-01,5호선,2511,방화,"203,020","194,098",2024-02-03 10:48:39
2024-01,5호선,2512,개화산,"173,507","166,741",2024-02-03 10:48:39
2024-01,5호선,2513,김포공항,"285,125","229,957",2024-02-03 10:48:39
2024-01,5호선,2514,송정,"187,082","177,655",2024-02-03 10:48:39
2024-01,5호선,2515,마곡,"346,316","347,732",2024-02-03 10:48:39
2024-01,5호선,2516,발산,"661,011","682,800",2024-02-03 10:48:39
2024-01,5호선,2517,우장산,"415,346","414,446",2024-02-03 10:48:39
2024-01,5호선,2518,화곡,"830,689","778,413",2024-02-03 10:48:39
2024-01,5호선,2519,까치산,"817,661","792,303",2024-02-03 10:48:39
2024-01,5호선,2520,신정(은행정),"388,719","326,251",2024-02-03 10:48:39
2024-01,5호선,2521,목동,"478,194","513,719",2024-02-03 10:48:39
2024-01,5호선,2522,오목교(목동운동장앞),"630,897","661,935",2024-02-03 10:48:39
2024-01,5호선,2523,양평,"219,430","216,600",2024-02-03 10:48:39
2024-01,5호선,2524,영등포구청,"130,371","128,982",2024-02-03 10:48:39
2024-01,5호선,2525,영등포시장,"336,740","344,267",2024-02-03 10:48:39
2024-01,5호선,2526,신길,"136,072","142,032",2024-02-03 10:48:39
2024-01,5호선,2527,여의도,"828,208","861,213",2024-02-03 10:48:39
2024-01,5호선,2528,여의나루,"305,118","349,613",2024-02-03 10:48:39
2024-01,5호선,2529,마포,"426,452","437,197",2024-02-03 10:48:39
2024-01,5호선,2530,공덕,"409,643","429,334",2024-02-03 10:48:39
2024-01,5호선,2531,애오개,"194,753","193,740",2024-02-03 10:48:39
2024-01,5호선,2532,충정로(경기대입구),"129,543","131,931",2024-02-03 10:48:39
2024-01,5호선,2533,서대문,"557,930","563,040",2024-02-03 10:48:39
2024-01,5호선,2534,광화문(세종문화회관),"974,775","998,830",2024-02-03 10:48:39
2024-01,5호선,2535,종로3가,"427,176","416,094",2024-02-03 10:48:39
2024-01,5호선,2536,을지로4가,"183,877","184,735",2024-02-03 10:48:39
2024-01,5호선,2537,동대문역사문화공원(DDP),"88,324","100,444",2024-02-03 10:48:39
2024-01,5호선,2538,청구,"112,303","105,239",2024-02-03 10:48:39
2024-01,5호선,2539,신금호,"181,839","192,968",2024-02-03 10:48:39
2024-01,5호선,2540,행당,"235,614","211,330",2024-02-03 10:48:39
2024-01,5호선,2541,왕십리(성동구청),"133,056","153,524",2024-02-03 10:48:39
2024-01,5호선,2542,마장,"170,335","160,305",2024-02-03 10:48:39
2024-01,5호선,2543,답십리,"465,981","426,122",2024-02-03 10:48:39
2024-01,5호선,2544,장한평,"553,611","552,267",2024-02-03 10:48:39
2024-01,5호선,2545,군자(능동),"338,505","374,803",2024-02-03 10:48:39
2024-01,5호선,2546,아차산(어린이대공원후문),"420,882","414,476",2024-02-03 10:48:39
2024-01,5호선,2547,광나루(장신대),"393,999","366,854",2024-02-03 10:48:39
2024-01,5호선,2548,천호(풍납토성),"582,572","567,995",2024-02-03 10:48:39
2024-01,5호선,2549,강동,"533,629","519,985",2024-02-03 10:48:39
2024-01,5호선,2550,길동,"242,802","252,445",2024-02-03 10:48:39
2024-01,5호선,2551,굽은다리(강동구민회관앞),"288,300","277,231",2024-02-03 10:48:39
2024-01,5호선,2552,명일,"262,385","269,605",2024-02-03 10:48:39
2024-01,5호선,2553,고덕,"301,811","297,990",2024-02-03 10:48:39
2024-01,5호선,2554,상일동,"421,138","403,290",2024-02-03 10:48:39
2024-01,5호선,2555,둔촌동,"256,839","258,279",2024-02-03 10:48:39
2024-01,5호선,2556,올림픽공원(한국체대),"131,877","114,559",2024-02-03 10:48:39
2024-01,5호선,2557,방이,"223,308","229,479",2024-02-03 10:48:39
2024-01,5호선,2558,오금,"104,322","103,139",2024-02-03 10:48:39
2024-01,5호선,2559,개롱,"185,424","194,802",2024-02-03 10:48:39
2024-01,5호선,2560,거여,"289,744","283,357",2024-02-03 10:48:39
2024-01,5호선,2561,마천,"215,170","198,301",2024-02-03 10:48:39
2024-01,5호선,2562,강일,"164,468","151,393",2024-02-03 10:48:39
2024-01,5호선,2563,미사,"516,742","524,812",2024-02-03 10:48:39
2024-01,5호선,2564,하남풍산,"131,998","132,193",2024-02-03 10:48:39
2024-01,5호선,2565,하남시청(덕풍·신장),"236,982","226,311",2024-02-03 10:48:39
2024-01,5호선,2566,하남검단산,"195,852","186,726",2024-02-03 10:48:39
2024-01,6호선,2611,응암,"509,030","507,721",2024-02-03 10:48:39
2024-01,6호선,2612,역촌,"111,056","131,938",2024-02-03 10:48:39
2024-01,6호선,2613,불광,"135,446","127,718",2024-02-03 10:48:39
2024-01,6호선,2614,독바위,"80,529","85,255",2024-02-03 10:48:39
2024-01,6호선,2615,연신내,11,0,2024-02-03 10:48:39
2024-01,6호선,2616,구산,"229,295","180,247",2024-02-03 10:48:39
2024-01,6호선,2617,새절(신사),"363,316","340,418",2024-02-03 10:48:39
2024-01,6호선,2618,증산(명지대앞),"285,797","285,536",2024-02-03 10:48:39
2024-01,6호선,2619,디지털미디어시티,"415,043","456,190",2024-02-03 10:48:39
2024-01,6호선,2620,월드컵경기장(성산),"120,215","122,523",2024-02-03 10:48:39
2024-01,6호선,2621,마포구청,"411,564","374,368",2024-02-03 10:48:39
2024-01,6호선,2622,망원,"447,896","480,215",2024-02-03 10:48:39
2024-01,6호선,2623,합정,"408,047","394,499",2024-02-03 10:48:39
2024-01,6호선,2624,상수,"292,546","327,487",2024-02-03 10:48:39
2024-01,6호선,2625,광흥창(서강),"264,344","256,308",2024-02-03 10:48:39
2024-01,6호선,2626,대흥(서강대앞),"246,347","256,323",2024-02-03 10:48:39
2024-01,6호선,2627,공덕,"542,965","524,050",2024-02-03 10:48:39
2024-01,6호선,2628,효창공원앞,"208,299","187,183",2024-02-03 10:48:39
2024-01,6호선,2629,삼각지,"213,589","189,737",2024-02-03 10:48:39
2024-01,6호선,2630,녹사평(용산구청),"145,187","147,825",2024-02-03 10:48:39
2024-01,6호선,2631,이태원,"338,489","353,249",2024-02-03 10:48:39
2024-01,6호선,2632,한강진,"281,350","321,512",2024-02-03 10:48:39
2024-01,6호선,2633,버티고개,"61,396","62,470",2024-02-03 10:48:39
2024-01,6호선,2634,약수,"109,132","107,046",2024-02-03 10:48:39
2024-01,6호선,2635,청구,"109,412","109,776",2024-02-03 10:48:39
2024-01,6호선,2636,신당,"258,689","262,187",2024-02-03 10:48:39
2024-01,6호선,2637,동묘앞,"242,622","243,444",2024-02-03 10:48:39
2024-01,6호선,2638,창신,"97,677","80,490",2024-02-03 10:48:39
2024-01,6호선,2639,보문,"221,627","205,685",2024-02-03 10:48:39
2024-01,6호선,2640,안암(고대병원앞),"311,195","313,774",2024-02-03 10:48:39
2024-01,6호선,2641,고려대(종암),"230,536","222,261",2024-02-03 10:48:39
2024-01,6호선,2642,월곡(동덕여대),"331,383","326,217",2024-02-03 10:48:39
2024-01,6호선,2643,상월곡(한국과학기술연구원),"181,281","163,318",2024-02-03 10:48:39
2024-01,6호선,2644,돌곶이,"291,646","268,497",2024-02-03 10:48:39
2024-01,6호선,2645,석계,"351,557","361,438",2024-02-03 10:48:39
2024-01,6호선,2646,태릉입구,"166,389","177,933",2024-02-03 10:48:39
2024-01,6호선,2647,화랑대(서울여대입구),"327,762","257,633",2024-02-03 10:48:39
2024-01,6호선,2648,봉화산(서울의료원),"256,077","241,807",2024-02-03 10:48:39
2024-01,6호선,2649,신내,7,0,2024-02-03 10:48:39
2024-01,7호선,2711,장암,"70,332","30,493",2024-02-03 10:48:39
2024-01,7호선,2712,도봉산,"247,447","291,555",2024-02-03 10:48:39
2024-01,7호선,2713,수락산,"355,901","349,994",2024-02-03 10:48:39
2024-01,7호선,2714,마들,"368,984","346,420",2024-02-03 10:48:39
2024-01,7호선,2715,노원,"727,814","764,256",2024-02-03 10:48:39
2024-01,7호선,2716,중계,"414,203","380,678",2024-02-03 10:48:39
2024-01,7호선,2717,하계,"513,987","481,934",2024-02-03 10:48:39
2024-01,7호선,2718,공릉(서울과학기술대),"340,956","338,374",2024-02-03 10:48:39
2024-01,7호선,2719,태릉입구,"247,229","231,809",2024-02-03 10:48:39
2024-01,7호선,2720,먹골,"297,901","295,983",2024-02-03 10:48:39
2024-01,7호선,2721,중화,"306,070","298,026",2024-02-03 10:48:39
2024-01,7호선,2722,상봉,"505,214","484,286",2024-02-03 10:48:39
2024-01,7호선,2723,면목,"428,484","416,540",2024-02-03 10:48:39
2024-01,7호선,2724,사가정,"466,215","466,853",2024-02-03 10:48:39
2024-01,7호선,2725,용마산(용마폭포공원),"167,710","164,391",2024-02-03 10:48:39
2024-01,7호선,2726,중곡,"314,868","300,784",2024-02-03 10:48:39
2024-01,7호선,2727,군자(능동),"447,230","352,517",2024-02-03 10:48:39
2024-01,7호선,2728,어린이대공원(세종대),"379,931","377,360",2024-02-03 10:48:39
2024-01,7호선,2729,건대입구,"394,376","415,162",2024-02-03 10:48:39
2024-01,7호선,2730,뚝섬유원지,"237,028","234,172",2024-02-03 10:48:39
2024-01,7호선,2731,청담,"542,433","593,807",2024-02-03 10:48:39
2024-01,7호선,2732,강남구청,"468,970","513,893",2024-02-03 10:48:39
2024-01,7호선,2733,학동,"678,444","708,478",2024-02-03 10:48:39
2024-01,7호선,2734,논현,"523,030","540,034",2024-02-03 10:48:39
2024-01,7호선,2735,반포,"180,193","173,588",2024-02-03 10:48:39
2024-01,7호선,2736,고속터미널,"530,790","421,122",2024-02-03 10:48:39
2024-01,7호선,2737,내방,"415,974","422,107",2024-02-03 10:48:39
2024-01,7호선,2738,이수,"477,204","460,394",2024-02-03 10:48:39
2024-01,7호선,2739,남성,"329,017","312,286",2024-02-03 10:48:39
2024-01,7호선,2740,숭실대입구(살피재),"350,118","351,614",2024-02-03 10:48:39
2024-01,7호선,2741,상도,"326,783","316,938",2024-02-03 10:48:39
2024-01,7호선,2742,장승배기,"268,151","262,107",2024-02-03 10:48:39
2024-01,7호선,2743,신대방삼거리,"430,348","416,909",2024-02-03 10:48:39
2024-01,7호선,2744,보라매,"196,992","202,643",2024-02-03 10:48:39
2024-01,7호선,2745,신풍,"321,539","302,726",2024-02-03 10:48:39
2024-01,7호선,2746,대림(구로구청),"274,314","275,409",2024-02-03 10:48:39
2024-01,7호선,2747,남구로,"436,093","454,311",2024-02-03 10:48:39
2024-01,7호선,2748,가산디지털단지,"1,239,497","1,234,785",2024-02-03 10:48:39
2024-01,7호선,2749,철산,"622,076","628,955",2024-02-03 10:48:39
2024-01,7호선,2750,광명사거리,"597,788","593,245",2024-02-03 10:48:39
2024-01,7호선,2751,천왕,"325,408","309,767",2024-02-03 10:48:39
2024-01,7호선,2752,온수(성공회대입구),"263,404","242,634",2024-02-03 10:48:39
2024-01,7호선,2753,까치울,1,0,2024-02-03 10:48:39
2024-01,8호선,2811,암사,"540,262","483,840",2024-02-03 10:48:39
2024-01,8호선,2812,천호(풍납토성),"449,967","516,073",2024-02-03 10:48:39
2024-01,8호선,2813,강동구청,"306,040","316,263",2024-02-03 10:48:39
2024-01,8호선,2814,몽촌토성(평화의문),"200,862","204,880",2024-02-03 10:48:39
2024-01,8호선,2815,잠실(송파구청),"498,654","568,354",2024-02-03 10:48:39
2024-01,8호선,2816,석촌,"241,135","280,326",2024-02-03 10:48:39
2024-01,8호선,2817,송파,"275,599","271,213",2024-02-03 10:48:39
2024-01,8호선,2818,가락시장,"239,212","263,047",2024-02-03 10:48:39
2024-01,8호선,2819,문정,"623,906","647,439",2024-02-03 10:48:39
2024-01,8호선,2820,장지,"492,915","456,219",2024-02-03 10:48:39
2024-01,8호선,2821,복정,"262,848","221,042",2024-02-03 10:48:39
2024-01,8호선,2822,산성,"178,042","180,679",2024-02-03 10:48:39
2024-01,8호선,2823,남한산성입구(성남법원.검찰청),"370,122","333,492",2024-02-03 10:48:39
2024-01,8호선,2824,단대오거리,"344,994","337,691",2024-02-03 10:48:39
2024-01,8호선,2825,신흥,"154,626","160,814",2024-02-03 10:48:39
2024-01,8호선,2826,수진,"159,701","148,471",2024-02-03 10:48:39
2024-01,8호선,2827,모란,"144,581","114,176",2024-02-03 10:48:39
2024-01,8호선,2828,남위례,"200,098","202,346",2024-02-03 10:48:39
2024-01,9호선,4101,개화,"77,412","52,292",2024-02-03 10:48:39
2024-01,9호선,4102,김포공항,"221,044","315,021",2024-02-03 10:48:39
2024-01,9호선,4103,공항시장,"88,539","95,502",2024-02-03 10:48:39
2024-01,9호선,4104,신방화,"202,840","200,727",2024-02-03 10:48:39
2024-01,9호선,4105,마곡나루(서울식물원),"394,807","389,622",2024-02-03 10:48:39
2024-01,9호선,4106,양천향교,"284,880","291,011",2024-02-03 10:48:39
2024-01,9호선,4107,가양,"639,952","623,533",2024-02-03 10:48:39
2024-01,9호선,4108,증미,"228,357","220,714",2024-02-03 10:48:39
2024-01,9호선,4109,등촌,"350,325","340,063",2024-02-03 10:48:39
2024-01,9호선,4110,염창,"514,799","497,612",2024-02-03 10:48:39
2024-01,9호선,4111,신목동,"125,160","111,261",2024-02-03 10:48:39
2024-01,9호선,4112,선유도,"254,298","242,311",2024-02-03 10:48:39
2024-01,9호선,4113,당산,"563,217","558,961",2024-02-03 10:48:39
2024-01,9호선,4114,국회의사당,"474,974","485,362",2024-02-03 10:48:39
2024-01,9호선,4115,여의도,"837,647","797,430",2024-02-03 10:48:39
2024-01,9호선,4116,샛강,"186,440","188,089",2024-02-03 10:48:39
2024-01,9호선,4117,노량진,"758,012","748,085",2024-02-03 10:48:39
2024-01,9호선,4118,노들,"135,627","113,564",2024-02-03 10:48:39
2024-01,9호선,4119,흑석(중앙대입구),"249,478","257,552",2024-02-03 10:48:39
2024-01,9호선,4120,동작(현충원),"51,248","43,441",2024-02-03 10:48:39
2024-01,9호선,4121,구반포,"33,274","33,715",2024-02-03 10:48:39
2024-01,9호선,4122,신반포,"115,173","114,216",2024-02-03 10:48:39
2024-01,9호선,4123,고속터미널,"429,518","586,608",2024-02-03 10:48:39
2024-01,9호선,4124,사평,"113,489","110,767",2024-02-03 10:48:39
2024-01,9호선,4125,신논현,"936,617","927,177",2024-02-03 10:48:39
2024-01,공항철도 1호선,4201,서울역,"374,570","347,063",2024-02-03 10:48:39
2024-01,공항철도 1호선,4202,공덕,"84,023","115,706",2024-02-03 10:48:39
2024-01,공항철도 1호선,4203,홍대입구,"436,231","428,095",2024-02-03 10:48:39
2024-01,공항철도 1호선,4204,디지털미디어시티,"406,642","380,794",2024-02-03 10:48:39
2024-01,공항철도 1호선,4206,마곡나루(서울식물원),"312,207","297,841",2024-02-03 10:48:39
2024-01,공항철도 1호선,4207,김포공항,"315,571","171,418",2024-02-03 10:48:39
2024-01,공항철도 1호선,4208,계양,"382,260","361,371",2024-02-03 10:48:39
2024-01,공항철도 1호선,4209,검암,"191,018","194,106",2024-02-03 10:48:39
2024-01,공항철도 1호선,4210,청라국제도시,"215,264","203,514",2024-02-03 10:48:39
2024-01,공항철도 1호선,4211,운서,"265,480","280,548",2024-02-03 10:48:39
2024-01,공항철도 1호선,4212,공항화물청사,"60,892","65,017",2024-02-03 10:48:39
2024-01,공항철도 1호선,4213,인천공항1터미널,"405,056","394,434",2024-02-03 10:48:39
2024-01,공항철도 1호선,4215,인천공항2터미널,"205,270","178,731",2024-02-03 10:48:39
2024-01,공항철도 1호선,4217,영종,"117,590","117,878",2024-02-03 10:48:39
2024-01,9호선2~3단계,4126,언주,"336,680","341,625",2024-02-03 10:48:39
2024-01,9호선2~3단계,4127,선정릉,"278,518","298,011",2024-02-03 10:48:39
2024-01,9호선2~3단계,4128,삼성중앙,"220,471","229,329",2024-02-03 10:48:39
2024-01,9호선2~3단계,4129,봉은사,"584,277","602,380",2024-02-03 10:48:39
2024-01,9호선2~3단계,4130,종합운동장,"144,024","143,629",2024-02-03 10:48:39
2024-01,9호선2~3단계,4131,삼전,"228,640","217,397",2024-02-03 10:48:39
2024-01,9호선2~3단계,4132,석촌고분,"209,003","205,874",2024-02-03 10:48:39
2024-01,9호선2~3단계,4133,석촌,"273,817","245,752",2024-02-03 10:48:39
2024-01,9호선2~3단계,4134,송파나루,"168,706","180,045",2024-02-03 10:48:39
2024-01,9호선2~3단계,4135,한성백제,"87,702","78,928",2024-02-03 10:48:39
2024-01,9호선2~3단계,4136,올림픽공원(한국체대),"218,954","218,975",2024-02-03 10:48:39
2024-01,9호선2~3단계,4137,둔촌오륜,"28,962","28,968",2024-02-03 10:48:39
2024-01,9호선2~3단계,4138,중앙보훈병원,"340,706","298,494",2024-02-03 10:48:39
2024-01,우이신설선,4701,북한산우이,"82,184","75,392",2024-02-03 10:48:39
2024-01,우이신설선,4702,솔밭공원,"76,186","71,666",2024-02-03 10:48:39
2024-01,우이신설선,4703,4.19민주묘지,"84,481","77,578",2024-02-03 10:48:39
2024-01,우이신설선,4704,가오리,"125,066","124,264",2024-02-03 10:48:39
2024-01,우이신설선,4705,화계,"103,502","98,226",2024-02-03 10:48:39
2024-01,우이신설선,4706,삼양,"58,889","61,957",2024-02-03 10:48:39
2024-01,우이신설선,4707,삼양사거리,"74,238","74,681",2024-02-03 10:48:39
2024-01,우이신설선,4708,솔샘,"173,910","163,057",2024-02-03 10:48:39
2024-01,우이신설선,4709,북한산보국문,"180,927","173,666",2024-02-03 10:48:39
2024-01,우이신설선,4710,정릉,"138,406","127,562",2024-02-03 10:48:39
2024-01,우이신설선,4711,성신여대입구(돈암),"102,243","114,873",2024-02-03 10:48:39
2024-01,우이신설선,4712,보문,"45,734","45,693",2024-02-03 10:48:39
2024-01,우이신설선,4713,신설동,"66,242","62,470",2024-02-03 10:48:39
2024-01,신림선,4401,샛강,"78,310","89,519",2024-02-03 10:48:39
2024-01,신림선,4402,대방,"83,268","66,531",2024-02-03 10:48:39
2024-01,신림선,4403,서울지방병무청,"84,693","92,258",2024-02-03 10:48:39
2024-01,신림선,4404,보라매,"112,330","104,652",2024-02-03 10:48:39
2024-01,신림선,4405,보라매공원,"59,213","64,105",2024-02-03 10:48:39
2024-01,신림선,4406,보라매병원,"216,305","224,423",2024-02-03 10:48:39
2024-01,신림선,4407,당곡,"135,569","134,559",2024-02-03 10:48:39
2024-01,신림선,4408,신림,"51,152","70,668",2024-02-03 10:48:39
2024-01,신림선,4409,서원,"102,219","91,916",2024-02-03 10:48:39
2024-01,신림선,4410,서울대벤처타운,"278,228","262,367",2024-02-03 10:48:39
2024-01,신림선,4411,관악산(서울대),"77,217","77,000",2024-02-03 10:48:39
